{
    "accuracy": 0.9550674155430743,
    "precision": 0.9359174941728663,
    "recall": 0.9770340988633712,
    "f1_score": 0.956033920417482,
    "confusion_matrix": [
        [
            27993,
            2007
        ],
        [
            689,
            29312
        ]
    ],
    "overall": 0.9555506679802781,
    "run_id": "run_23_L2_Arch16-32_SGD_LR0.001",
    "duration_s": 164.68128538131714
}