{
    "accuracy": 0.9371010483158614,
    "precision": 0.8892516845261065,
    "recall": 0.9985667144428519,
    "f1_score": 0.9407442298634009,
    "confusion_matrix": [
        [
            26269,
            3731
        ],
        [
            43,
            29958
        ]
    ],
    "overall": 0.9389226390896311,
    "run_id": "run_10_L2_Arch16-16_Adam_LR0.0005",
    "duration_s": 495.50396633148193
}