{
    "accuracy": 0.9603339944334262,
    "precision": 0.9336515213363896,
    "recall": 0.9911002966567781,
    "f1_score": 0.9615185616349761,
    "confusion_matrix": [
        [
            27887,
            2113
        ],
        [
            267,
            29734
        ]
    ],
    "overall": 0.9609262780342012,
    "run_id": "run_33_L3_Arch16-16-16_Adam_LR0.001",
    "duration_s": 594.6120965480804
}