{
    "accuracy": 0.6003233279445342,
    "precision": 0.5829383886255924,
    "recall": 0.7051764941168628,
    "f1_score": 0.6382574329114687,
    "confusion_matrix": [
        [
            14864,
            15136
        ],
        [
            8845,
            21156
        ]
    ]
}