{
    "accuracy": 0.9603339944334262,
    "precision": 0.9336515213363896,
    "recall": 0.9911002966567781,
    "f1_score": 0.9615185616349761,
    "confusion_matrix": [
        [
            27887,
            2113
        ],
        [
            267,
            29734
        ]
    ]
}