{
    "accuracy": 0.9103848269195514,
    "precision": 0.8600842302292934,
    "recall": 0.98023399220026,
    "f1_score": 0.9162369728786628,
    "confusion_matrix": [
        [
            25216,
            4784
        ],
        [
            593,
            29408
        ]
    ],
    "overall": 0.9133108998991071,
    "run_id": "run_14_L3_Arch8-16-32_Adam_LR0.0005",
    "duration_s": 124.06670928001404
}