{
    "accuracy": 0.49940834319428007,
    "precision": 0.49970809494420443,
    "recall": 0.9985667144428519,
    "f1_score": 0.6660885805763074,
    "confusion_matrix": [
        [
            7,
            29993
        ],
        [
            43,
            29958
        ]
    ],
    "overall": 0.5827484618852937,
    "run_id": "run_47_L5_Arch32-24-16-8-4_SGD_LR0.001",
    "duration_s": 68.77948880195618
}